/*EASY*/

CREATE TABLE Employee ( 
EMP_ID INT 
); 
INSERT INTO Employee (EMP_ID) VALUES 
(2), (4), (4), (6), (6), (7), (8), (8), (8); 

SELECT * FROM Employee;

SELECT MAX(EMP_ID) AS MaxEmpID 
FROM Employee 
WHERE EMP_ID NOT IN ( 
    SELECT EMP_ID 
    FROM Employee 
    GROUP BY EMP_ID 
    HAVING COUNT(*) > 1 
); 

/*MEDIUM*/ 
CREATE TABLE EMP_TBL( 
ID INT PRIMARY KEY, 
NAME VARCHAR(60), 
SALARY INT, 
DEPT_ID INT 
); 
CREATE TABLE DEPT_TBL( 
ID INT PRIMARY KEY, 
DEPT_NAME VARCHAR(100) 
); 
 

INSERT INTO EMP_TBL(ID,NAME,SALARY,DEPT_ID) VALUES  
(1,'JOE',70000,1),  (2,'JIM',90000,1),  (3,'HENRY',80000,2),  
(4,'SAM',60000,2),  (5,'MAX',90000,1); 
 
INSERT INTO DEPT_TBL(ID,DEPT_NAME) VALUES  
(1,'IT'), (2,'SALES'); 
 
SELECT * FROM EMP_TBL;
SELECT * FROM DEPT_TBL;
SELECT D.DEPT_NAME AS [DEPARTMENT NAME], 
E.NAME AS [EMPLOYEE NAME], E.SALARY  
FROM EMP_TBL AS E  
INNER JOIN DEPT_TBL AS D  
ON E.DEPT_ID = D.ID  
WHERE E.SALARY IN( 
SELECT MAX(SALARY)  
FROM EMP_TBL WHERE DEPT_ID=E.DEPT_ID)  
ORDER BY D.ID; 
 


/*HARD*/
CREATE TABLE TBL_A( 
EmpID INT PRIMARY KEY, 
Ename VARCHAR(100),
Salary INT 
); 
CREATE TABLE TBL_B( 
EmpID INT PRIMARY KEY, 
Ename VARCHAR(100), 
Salary INT 
); 
 
INSERT INTO TBL_A(EmpID,Ename,Salary) VALUES 
(1,'AA',1000), 
(2,'BB',300); 
INSERT INTO TBL_B(EmpID,Ename,Salary) VALUES 
(2,'BB',400), 
(3,'CC',100); 
SELECT * FROM TBL_A;
SELECT * FROM TBL_B;
SELECT EmpID,MIN(Ename) AS Ename,MIN(Salary) AS [Salary] 
FROM (
    SELECT EmpID,Ename,Salary FROM TBL_A 
	UNION ALL 
	SELECT EmpID,Ename,Salary FROM TBL_B 
) AS MERGEDDATA 
GROUP BY EmpID;
